Título,Enlace,Precio,Dirección,Características
"Sé el primero en experimentar la vida de lujo en Gran Ciudad Nuevo Polanco. Departamentos en renta a estrenar con amenidades inigualables. Reserva tu departamento hoy mismo y disfruta de beneficios especiales. Deja tu información de contacto, ¡nuestro equipo se pondrá en contacto contigo en breve! Elige tu nuevo departamento: Estudios: desde $24, 300 mxn. Departamento de 1 Recámara: desde $27, 500 mxn. Departamento de 2 Recámaras: desde $36, 000 mxn. *Contamos con espacio de estacionamiento y bodega para renta. Contamos con una ubicación privilegiada en Av. Río San Joaquín #498, Col. Ampliación Granada, a tan solo un par de calles del Museo Soumaya, y los centros comerciales Antara Fashion Hall y Miyana. Reserva tu departamento y pregunta por nuestras promociones vigentes.",https://www.inmuebles24.com/propiedades/desarrollo/ememvein-gran-ciudad-nuevo-polanco-144968760.html,"MN 24,300","Río San Joaquín 498, Ampliación Granada, CDMX
Polanco, Miguel Hidalgo","329 un., 1 a 2 rec."
"Departamento amueblado ubicado en el centro de la cdmx. Super cómodo y bastante amplio. Cuenta con dos camas Queen Size, un baño completo, sala de estar. Incluye: Horno de microondas, vajilla, parrilla eléctrica, Smart Tv y WiFi incluido. El acceso a los departamentos es a través de una clave única que se dará al momento que llegues, así que ten en cuenta que no debes perder esa clave o pasársela a un desconocido. Estadía mínima de un mes. Vigilancia las 24hrs",https://www.inmuebles24.com/propiedades/clasificado/alclapin-departamento-en-el-centro-de-la-cdmx-146299506.html,"MN 30,000","Juarez, Centro, Cuauhtémoc, Cdmx al 100
Centro , Cuauhtémoc","59 m² lote, 2 rec., 1 baño"
,https://www.inmuebles24.com/propiedades/desarrollo/ememvein-departamentos-en-renta-en-paseo-de-la-reforma-cdmx-64699580.html,,,", "
,https://www.inmuebles24.com/propiedades/clasificado/alclapin-departamento-en-renta-en-la-colonia-roma-norte-147306224.html,,,", , "
,https://www.inmuebles24.com/propiedades/desarrollo/ememvein-departamentos-en-renta-polanco-anzures-143900343.html,,,", "
,https://www.inmuebles24.com/propiedades/clasificado/alclapin-departamento-amueblado-en-renta-roma-norte-sin-aval-146761263.html,,,", , "
,https://www.inmuebles24.com/propiedades/clasificado/alclapin-en-renta-departamento-miyana-polanco-ampliacion-147388261.html,,,", , , "
,https://www.inmuebles24.com/propiedades/clasificado/alclapin-departamento-nuevo-en-renta-en-via-residences-147281156.html,,"Blvd. F.M. 35
Interlomas, Huixquilucan","97 m² lote, 2 rec., 2 baños, 2 estac."
"¡Tu Nuevo Hogar de Lujo en Polanco te Espera! Ubicado en el prestigioso Piso 6 de Enrique Ibsen 33, en la codiciada zona de Polanco iii Sección, este espacioso departamento de 290 metros cuadrados te ofrece una vida de confort y exclusividad en una de las mejores colonias de la Ciudad de México. Disfruta de amplios espacios distribuidos en 3 recámaras y 2 baños completos, perfectos para la vida familiar o para quienes buscan espacio y privacidad. La cocina es generosa, ideal para los amantes de la gastronomía, y además cuenta con un cuarto de servicio con baño completo y un área de lavado independiente para tu mayor comodidad. Imagina tus mañanas disfrutando del aire fresco desde tu balcón privado, o la tranquilidad de saber que cuentas con 2 estacionamientos exclusivos y un elevador que te lleva directamente a tu puerta. ¡No dejes pasar esta increíble oportunidad! Contáctanos hoy mismo para agendar una visita y hacer de este espectacular departamento tu nuevo hogar.",https://www.inmuebles24.com/propiedades/clasificado/alclapin-en-renta-departamento-enrique-ibsen-polanco-iii-146860831.html,"MN 70,000","ENRIQUE IBSEN
Polanco III Sección, Polanco","290 m² lote, 3 rec., 2 baños, 2 estac."
"Renta depto en la Col. Doctores, Cuauhtémoc, cdmx. Se renta departamento nuevo, tipo loft en la Colonia Doctores, dentro del Condominio Vía Roma, justo frente a la Colonia Roma Norte, en una ubicación privilegiada rodeada de restaurantes, comercios, gimnasios, bancos y todo lo necesario para disfrutar la vida de barrio. Además, cuenta con excelentes vías de acceso y transporte público muy a la mano. El loft tiene una superficie de 40 m2; y balcón. Es un espacio muy iluminado y con excelente ventilación. Es interior y se encuentra en el 4º piso, lo que lo hace silencioso y tranquilo. Cuenta con techos altos que aportan mayor amplitud al espacio, así como pisos de madera de ingeniería. La cocina es abierta y de buen tamaño, con espacio de almacenamiento, barra de granito para desayunador y área de lavado. El baño completo tiene cancel de vidrio templado, y la zona de recámara dispone de un amplio clóset. Incluye un lugar de estacionamiento en tándem, compartido únicamente con un vecino. El condominio ofrece vigilancia 24/7 todo el año, elevador, terraza interior, zona de coworking y descanso, gimnasio, Roof Garden común con terraza, alberca y área verde con pérgolas. Además, el Roof está equipado con muebles de jardín, sombrillas, camastros, zona de asador y baños. Cuota de mantenimiento 1, 700. 00. ¡No pierdas la oportunidad de conocerlo! Este loft es ideal para quienes buscan comodidad y una ubicación inmejorable cerca de una de las zonas más codiciadas de la Ciudad de México. No se aceptan mascotas. Contáctanos para más información. Previa Cita. Rodrigo vb",https://www.inmuebles24.com/propiedades/clasificado/alclapin-renta-departamento-en-la-col.-doctores-cuauhtemoc-146959098.html,"MN 19,100","Avenida Cuauhtémoc
Doctores, Cuauhtémoc","40 m² lote, 1 rec., 1 baño, 1 estac."
"Departamento en Renta – Edificio H2O, Santa Fe**Amueblado o sin amueblar $47, 000 mantenimiento incluido * Ubicación: Av. Santa Fe #449, Piso 29, frente al Parque La Mexicana. Características del Departamento: Superficie: 175 m²Recámaras: 3Baños: 2. 5Cuarto de servicio con bañoEstacionamiento: 2 cajones + bodegaVista: Sur/Oriente, sin obstruccionesAmenidades del Edificio: Seguridad 24/7AlbercaGimnasioSalones de usos múltiples8 elevadoresTecnología antisísmica avanzadaDetalles adicionales: Arquitecto: Daniel KolicAltura: 140 m, 33 pisosUbicación estratégica en una de las zonas más exclusivas de Santa Fe* El edificio fue equipado con altas normas de seguridad sísmicas que incluyen 40 amortiguadores sísmicos a lo largo de toda la estructura del edificio, 85 pilotes de acero que penetran a una profundidad de 41 metros* Es considerado un edificio inteligente, debido a que el sistema de luz es controlado por un sistema llamado B3, al igual que el de Torre Mayor, Torre Ejecutiva Pemex, World Trade Center México, Torre AltusEl mobiliario, el arte, los objetos de decoración, etc. No están incluidos en el precio de venta o Renta del inmueble. Incluye muebles empotrados, cocina integral. En este precio publicado de venta No están considerados costos y gastos adicionales de compra, como son el valor de escrituración, costos notariales e impuesto por traslado de dominio, e inscripciones en Registro Público, avalúos fiscales, En caso de adquirir el inmueble con créditos bancarios y/o infonavit, se deberá tomar en cuenta costos por apertura de crédito, avalúos bancarios. Todas las medidas enunciadas son meramente orientativas, las medidas exactas serán las que se expresen en la respectiva escritura publica de cada inmueble. Todas las fotos, imagenes y videos son meramente ilustrativos y no contractuales. Los precios enunciados son meramente orientativos y no contractuales. .",https://www.inmuebles24.com/propiedades/clasificado/alclapin-departamento-en-renta-edificio-h2o-santa-fe-cdmx-147390402.html,"MN 47,000","Departamento en Renta – Edificio H2o, Santa Fe Cdmx
Santa Fe Cuajimalpa, Cuajimalpa de Morelos","175 m² lote, 3 rec., 2 baños, 2 estac."
"Departamento en renta sobre Reforma, cdmx – ¡Vive donde todo sucede! A unos pasos del Ángel de la Independencia. Renta tu departamento en la Ciudad de México con Urbanista y aprovecha nuestras promociones exclusivas. Aquí, cada departamento está diseñado para ofrecerte una experiencia de vida única en cdmx, justo sobre Paseo de la Reforma, entre “El Ángel” y “La Diana”. Sin aval. Sin fianza. Renta fácil en 24 horas. En Urbanista, te ofrecemos mucho más que un departamento en renta en la Ciudad de México: Un edificio premium, galardonado como el mejor desarrollo habitacional de 2023, donde vivir es sinónimo de comodidad, conectividad y estilo. Coworking 24/7 con vista al Ángel, gimnasio de última generación, gaming lounge, cine privado, puppy zone y más. Todos estos espacios están incluidos en tu renta de departamento en cdmx. Tu departamento en Reforma incluye: Aire acondicionado. bbq’s lounge, terraza lounge y cocina para invitados. Cinerama y cinema privado. Yoga center, chill bar y sala de masajes. Arena virtual, salas de juntas y cabinas de trabajo. Internet de alta velocidad incluido en tu renta. Opción amueblado disponible. Equipo de mantenimiento a tu disposición. Elige entre estudios, departamentos de una o dos recámaras, con terraza y vistas inigualables a Reforma. Todo esto dentro de una comunidad profesionalmente administrada en una de las zonas más cotizadas de la cdmx. Renta departamento en Ciudad de México sin complicaciones, sobre Reforma y con las mejores amenidades. ¡Contáctanos hoy mismo y conoce la promoción del mes!",https://www.inmuebles24.com/propiedades/clasificado/alclapin-departamento-en-renta-en-reforma-cdmx-143174957.html,"MN 26,900","paseo de la reforma
Roma Norte, Cuauhtémoc","40 m² lote, 1 baño"
"¡Últimos disponibles en Nuevo Polanco cdmx! . Renta de departamentos nuevos en Polanco. En una de las zonas más conectadas de la Ciudad de México, 5 minutos de Periférico, Río San Joaquín, Ejército Nacional, Masaryk y a menos de 10 minutos de Reforma y Av. Chapultepec. Sin aval, sin Fianza. Renta fácil en 24 horas. Amenidades incomparables, ven y conoce la diferencia de un edificio profesionalmente administrado. Amenidades de otro nivel: --bbqs lounge y terraza lounge, con asadores totalmente equipados. --Contamos con amenidades para tu mascota también, puppy zone. --Un cinema completo. --Cocina para invitados con terraza. --Gimnasio incluido, ven y disfruta de la tecnología en el gimnasio. --Área Playground. --Área de lounge y trabajo. --Sala de juntas. --Cabinas de trabajo. Coworking. --Totalmente equipados. --Internet de alta velocidad. --Opción amueblado con costo extra. Precio más servicios. Departamentos tipo, Studio, una recamara y dos recamaras. ¡Contáctanos hoy mismo para conocer nuestra promoción del mes! *Las imágenes son ilustrativas y pueden variar. Departamento sujeto a disponibilidad. Consulta con tu Asesor de Ventas.",https://www.inmuebles24.com/propiedades/clasificado/alclapin-renta-departamento-en-polanco-cdmx-143193284.html,"MN 22,900","polanco
Polanco II Sección, Polanco","40 m² lote, 1 rec., 1 baño"
"último departamento en colonia Condesa. Las ubicaciones de Urbanista están pensadas para que vivas cerca de todo. Oficinas, restaurantes y entretenimiento a minutos de distancia. En una de las zonas más conectadas de la Ciudad de México a 5 minutos del Parque España y a tan solo unas cuadras de insurgentes. Sin aval, sin Fianza. Renta fácil en 24 horas. Amenidades incomparables, ven y conoce la diferencia de un edificio profesionalmente administrado. Crea memorias inigualables en los espacios: --bbq´S lounge terraza lounge, con asadores. --Equipados totalmente. --Pet friendly. --Internet de alta velocidad. --Amueblados, si así lo quieres. Precio más servicios. Departamentos tipo, Studio, una recamara y dos recamaras. ¡Contáctanos hoy mismo para conocer nuestra promoción del mes! *Las imágenes son ilustrativas y pueden variar. Departamento sujeto a disponibilidad. Consulta con tu Asesor de Ventas.",https://www.inmuebles24.com/propiedades/clasificado/alclapin-renta-departamento-en-la-condesa-cdmx-143168883.html,"MN 26,400","Fernando Montes de Oca 47
Hipódromo Condesa, Cuauhtémoc","55 m² lote, 1 rec., 1 baño"
"Renta directo con Urbanista con promociones exclusivas. Renta de departamentos en colonia Del Valle. En una de las zonas más conectadas de la Ciudad de México, a pocos metros de la Av. Insurgentes, a dos cuadras del wtc México, Sin aval, sin Fianza. Renta fácil en 24 horas. Amenidades incomparables, ven y conoce la diferencia de un edificio profesionalmente administrado. Crea memorias inigualables en los espacios: --bbq´S lounge y terraza lounge, con asadores totalmente equipados. --Contamos con amenidades para tu mascota también, puppy zone. --Un cinema completo. --Cocina para invitados con terraza. --Gimnasio incluido, ven y disfruta de la tecnología en el gimnasio. --Área de juegos. --Área de lounge y trabajo. --Sala de juntas. --Cabinas de trabajo. --Totalmente equipados. --Internet de alta velocidad. --Amueblados, si así lo quieres con costo extra. Departamentos tipo, Studio, una recamara y dos recamaras. ¡Contáctanos hoy mismo para conocer nuestra promoción del mes! *Las imágenes son ilustrativas y pueden variar. Departamento sujeto a disponibilidad. Consulta con tu Asesor de Ventas.",https://www.inmuebles24.com/propiedades/clasificado/alclapin-renta-departamento-en-la-del-valle-cdmx-141878061.html,"MN 17,700","San Francisco 345
Narvarte Poniente, Benito Juárez","1 m² lote, 1 baño"
"Tu nuevo depa en Nápoles, cdmx – Cerca del wtc y la Del Valle listo para ti️ ¿Buscas comodidad, estilo y ubicación en un solo lugar? Este departamento en renta en la colonia Nápoles tiene todo lo que necesitas: a solo unos pasos del World Trade Center, muy cerca de la Del Valle y rodeado de cafés, restaurantes y todo lo que te gusta. Renta sin complicaciones: ️ Sin aval. ️ Sin fianza. ️ Renta en 24 horas. Lo que incluye tu nuevo hogar: Espacios modernos y funcionales. Opción amueblado. Internet de alta velocidad incluido. Cocina equipada. Seguridad 24/7. Estacionamiento (sujeto a disponibilidad) Amenidades que elevan tu día a día: Coworking y salas de juntas. Cine privado y sala de juegos. Terraza con asadores. Gimnasio y área de yoga. Zona pet friendly. Elige entre estudios o departamentos de 1 y 2 recámaras, todos dentro de un edificio moderno, con diseño vanguardista y ambiente profesional.",https://www.inmuebles24.com/propiedades/clasificado/alclapin-renta-departamento-en-la-napoles-cdmx-145153912.html,"MN 20,000","Av. Insurgentes Sur
Nápoles, Benito Juárez","1 m² lote, 1 rec."
"Vive en un espacio totalmente remodelado dentro de un edificio exclusivo de solo 16 departamentos, ubicado en el corazón de la Colonia Nápoles, a una cuadra de Insurgentes y el wtc, con acceso inmediato a metro, metrobús y ecobici. Características principales: Superficie: 72 m² Piso 3 con elevador. Sala y comedor de concepto abierto. Cocina integral moderna con barra de granito, ventilación natural y amplia área de lavado. 2 recámaras con clóset (principal con baño completo) 2 baños completos. 1 estacionamiento cubierto (opción a un segundo) Amenidades y extras: Vigilancia 24/7. Edificio de baja densidad (solo 16 unidades) Pet friendly. Ideal para quienes buscan un espacio moderno, seguro y con excelente ubicación en una de las colonias con mayor plusvalía y conectividad de la cdmx.",https://www.inmuebles24.com/propiedades/clasificado/alclapin-departamento-en-renta-a-una-cuadra-de-wtc-cdmx-147403303.html,"MN 19,500","Viaducto Presidente Miguel Alemán Valdés
Nápoles, Benito Juárez","75 m² lote, 2 rec., 2 baños, 1 estac."
"Departamento en Renta – Manuel Villalongín, Cuauhtémoc, cdmx. Amueblado y Equipado 2 Recámaras 2 Estacionamientos Una Bodega, Pet Friendly. ¿Buscas vivir en el corazón de la Ciudad de México? Este increíble departamento tiene todo lo que necesitas: ubicación, confort y estilo. Ubicación privilegiada. Entre Melchor Ocampo y Río Tigris, a solo: 3 min de Av. Paseo de la Reforma y el Ángel de la Independencia. 7 min de Roma Norte, Condesa y Polanco. Zona segura, céntrica y con acceso inmediato a lo mejor de la ciudad: gastronomía, cultura y entretenimiento. Distribución. Estancia y comedor con excelente iluminación natural y balcón. Cocina integral abierta con cubierta de granito. 2 recámaras: Principal con balcón, baño y clóset vestidor. Otra recámara con balcón, closet y baño compartido. 2 lugares de estacionamiento cubiertos. Bodega privada. Amenidades Premium. Roof Garden con terraza, baños y vista panorámica. Gimnasio completamente equipado. Ludoteca. Sala de tv. Espacios de estacionamiento para visitas. Seguridad 24/7. ¡Pet Friendly! ? Acabados de lujo en cada espacio, ideal para quien busca comodidad, seguridad y una ubicación inmejorable. La renta incluye el mantenimiento, se acepta mascota chica. ¡Agenda tu cita y conócelo! Este departamento no estará disponible por mucho tiempo.",https://www.inmuebles24.com/propiedades/clasificado/alclapin-departamento-en-renta-en-villalongin-cuauhtemoc-147129268.html,"MN 32,000","Calzada Manuel Villalongín
Cuauhtémoc, Cuauhtémoc","96 m² lote, 2 rec., 2 baños, 2 estac."
"Renta / venta departamento en santa fe cdmx. Ubicado en una zona exclusiva, ofrece lujo, estilo y. comodidad. Disfruta de amenidades. impresionantes y sumérgete en un entorno. moderno y sofisticado que refleja tu estilo de vida. Ideal para aquellos que valoran la calidad y. privilegio. Ha sido diseñado para ser un espacio de lujo, moderno y renovado, que garantiza el confort de todos sus residentes. Este desarrollo residencial, compuesto por dos torres de departamentos, esta perfectamente adaptado a la vida cosmopolita de las familias, ofreciendo las mejores vistas. Experimenta amplitud, calidez y un estilo contemporaneo en Over, donde encontraras amenidades privilegiadas para tu disfrute. Descubre las cuatro propuestas de distribución y elige el departamento ideal para ti y tus seres queridos. Best amenities. Disfruta de exclusivas amenidades y servicios de primera clase que brindaran confort y bienestar a tu familia, elevando el valor de tu inversion a otro nivel. • Gym. • Salon de eventos. • Salon de juegos. • Salon juvenil. • Alberca. • Salones para pilates. / zumba. • Salon para masajes. • Pet zone. • Estacionamiento para visitas. • Salon de adultos • Roof Garden. • Ludoteca. • Area de Jardin. • Terraza • Lobby",https://www.inmuebles24.com/propiedades/clasificado/alclapin-renta-departamento-en-santa-fe-cdmx-147077099.html,"MN 48,000","Avenida Carlos Graef Fernández
Santa Fe Cuajimalpa, Cuajimalpa de Morelos","97 m² lote, 2 rec., 2 baños, 2 estac."
"Renta 24, 500 mas cuoota de mantenimiento 2, 500. Ideal para 1 persona. Disfruta de la hermosa vista a Paseo de la Reforma desde el piso 20. No se aceptan mascotas. Habitables 65 m2 con balcón mas 2 lugares de Estacionamiento techado mas 1 Bodega muy amplia. Departamento amueblado, recién pintado, listo para habitarse!! Cerca del Monumento a la Revolución y a un paso del Centro Histórico. Caminando encuentras museos, restaurantes, hoteles, comercios. En edificio moderno: - con estricta Vigilancia 24 horas, - a tus visitas las recibe un gran Lobby y Valet Parking, - cuenta con amenidades: Carril de nado, Cafetería, Gimnasio, spa, Business Center con salida a Terraza arbolada. Distribución del departamento: - cómoda estancia sala-comedor, - 1 recámara con amplio closet, - cocina equipada con electrodomésticos (refrigerador, microondas, lavavajilla, centro de lavado). - 1 baño. Requisitos para el arrendamiento: - 1 mes 27, 000 como Depósito en Garantía. - Pago de la Póliza Jurídica de arrendamiento anual. - Fiador con bien raíz libre de gravamen en cdmx o Edo. México. Agenda tu cita en el 55 Ver datos y 56 Ver datos, estamos listos para atenderte",https://www.inmuebles24.com/propiedades/clasificado/alclapin-departamento-loft-renta-amueblado-2-lugares-145791432.html,"MN 24,500","Paseo de la Reforma 27, Cuauhtémoc, CDMX
Tabacalera, Cuauhtémoc","65 m² lote, 1 rec., 1 baño, 2 estac."
"Distribución: • Sala. • Comedor. • 2 Recámaras. • 2 Baños completo. • Cocina integral. • Área de lavado. • 1 lugar de estacionamiento compartido. Características: • Amueblado o sin amueblar. • Superficie: 110 m2. • Forma de Terreno: Regular. • Edad: 50 años aprox. Con base al régimen de propiedad en condominio. • Piso en el que se encuentra: 4° piso. • Niveles Totales: 6 niveles. • Uso de suelo: Habitacional. • Mantenimiento: $2, 500 pesos mensuales. Equipamiento del Departamento: • Amueblado. • Gas estacionario. • Boiler. • Lavadero. • Closet en recamaras. • Estufa. • Contrato cfe. Equipamiento Edificio: • Cisterna. • Tinacos. • Vigilancia privada. • Escaleras. • Elevador. • Recepción. • Circuito cerrado. Estatus del inmueble: • Amueblado. • Inmueble Usado. • Inmueble Libre de gravamen. Requisitos: • Contratación de póliza jurídica. • Renta corriente. • Deposito en garantía equivalente a un mes de renta. Servicios de la Zona: • Agua. • cfe. • Drenaje. • Servicios de la alcaldía. • Gas. • Transporte Publico. • Plazas comerciales. • Escuelas. • Vialidades: Av. San Francisco, Cda del Recreo, Av. José María Rico Eje 8 Sur, Calle Bufalo. • A 1 km a la redonda: Centro Cultural San Francisco inapam, Hospital Veterinario Del Valle, Farmacias Similares, Centro Comercial Manacar, Centro Comercial Galerías Insurgentes, Mercado, Gimnasios. •A 1. 5 km: Parque Acacias, Hospital 20 de Noviembre, Metro Zapata, Metro 20 de Noviembre, Metrobús Rio Churubusco. Entorno: • Habitacional/Comercial. Adriel González. Ver datos",https://www.inmuebles24.com/propiedades/clasificado/alclapin-departamento-en-renta-en-actipan-benito-juarez-cdmx.-146495172.html,"MN 23,500","Av. San Francisco 1803 int 402
Actipan, Benito Juárez","110 m² lote, 2 rec., 2 baños, 1 estac."
"Renta de moderno departamento de 1 Recamara, sala de tv o estudio, con excelente ubicación en la calle de Sinaloa, a solo 400 metros de Avenida Reforma y 700 metros de la fuente de las cibeles, pocas cuadras del parque España, muy buena iluminación y tranquilo cuenta con sala comedor, cocina, cuarto de lavado y 1 estacionamiento. Orlando Falcon. Ver datos-71",https://www.inmuebles24.com/propiedades/clasificado/alclapin-renta-departamento-roma-norte-benito-juarez-cdmx-147242215.html,"MN 22,500","sinaloa 193
Roma Norte, Cuauhtémoc","63 m² lote, 1 rec., 1 baño, 1 estac."
"Departamento en renta en la colonia San Rafael, ideal para quien busca un espacio funcional y bien ubicado. Cuenta con 60 m² de superficie cubierta. Este departamento ofrece 1 recámara y 1 baño, perfecto para una persona o una pareja. La cocina integral facilita la preparación de alimentos, y el diseño interior optimiza el espacio disponible. El edificio cuenta con gimnasio y seguridad privada, brindando comodidad y tranquilidad a sus residentes. Además, dispone de 1 lugar de estacionamiento. La colonia San Rafael es una zona céntrica con fácil acceso a transporte público, incluyendo diversas líneas de autobuses. En sus alrededores se encuentran supermercados, farmacias y una variada oferta de restaurantes y comercios. La zona también cuenta con servicios de salud y centros educativos cercanos. Precio: $18, 000 mensuales, incluye mantenimiento. Requisitos: 2 meses de depósito en garantía, 1 mes de renta por adelantado y pago de fianza jurídica anual con valor de $6, 264. Citas e información: Ver datos",https://www.inmuebles24.com/propiedades/clasificado/alclapin-departamento-en-renta-amueblado-en-col.-san-rafael-64649248.html,"MN 18,000","Calle Guillermo Prieto
San Rafael, Cuauhtémoc","60 m² lote, 1 rec., 1 baño, 1 estac."
"Amplio departamento totalmente remodelado, amueblado y equipado con electrodomésticos. Ubicado en segundo piso y exterior. Cuenta con 155 m2 de construcción, una habitación con baño y tina de hidromasaje y salida a balcón, estancia con balcón, medio baño, cocina totalmente equipada (incluye lava-vajillas), medio baño y area de lavado (con centro de lavado) y un estacionamiento en garage con portón eléctrico. Vialidades cercanas: Av. Chapultepec, Av. Insurgentes, Av. Oaxaca y Paseo de la Reforma. Zona céntrica en un de las mejores colonias de la Ciudad de México. A solo unos pasos de Av. Alvaro Obregón con multiples opciones de cafeterías y restaurants. A solo 5 minutos de la Colonia Condesa y a 3 cuadras de plaza Rio de Janeiro. Aprovecha la oportunidad de vivir en uno de los lugares con mas historia y excelente arquitectura de principios de siglo xx. Requisitos: 1 mes de renta, 1 mes de depósito, obligado solidario y póliza juridica. Facilidades de arrendamiento para extranjeros. Visitas previa cita. Precio de renta incluye la cuota de mantenimiento.",https://www.inmuebles24.com/propiedades/clasificado/alclapin-depto.-amueblado-en-renta-col.-roma-cdmx-147381106.html,"MN 64,990","MERIDA
Roma Norte, Cuauhtémoc","155 m² lote, 1 rec., 1 baño, 1 estac."
"Excelente oportunidad para vivir en una de las mejores zonas de la cdmx, alta plusvalía, confort, ideal para estudiantes y/o extranjeros. Departamento completamente amueblado con servicios incluidos (mantenimiento, agua, luz, WiFi, portería), ubicado en Tampico, Roma Norte, Cuauhtémoc, cdmx, México. 2 Recamaras. 1 Baño Completo. Sala. Comedor. Cocina Equipada. Área de lavado, lista para instalar lavadora. Pet Friendly. El edificio cuenta con elevador. Requisitos: -Pago de convenio de mediación con valor del 50% de la renta. -Deposito en garantía. -Pago del primer mes. No se requiere aval o inmueble en garantía. Agenda sin compromiso.",https://www.inmuebles24.com/propiedades/clasificado/alclapin-departamento-amueblado-en-renta-roma-norte-cdmx.-147373307.html,"MN 30,000","Tampico 21
Roma Norte, Cuauhtémoc","110 m² lote, 2 rec., 1 baño"
"Departamento nuevo en renta ubicado en la Roma Norte. Cuenta con 1 recámara y 1 baño. Citas wa: 55 Ver datos. El interior incluye cocina integral, ideal para preparar tus alimentos. Disfruta de una terraza y área de bbq. El edificio cuenta con caseta de guardia y 1 lugar de estacionamiento. La Roma Norte es un barrio vibrante y cosmopolita, conocido por su ambiente bohemio y su arquitectura art déco. Es una zona predominantemente residencial y comercial, con un ambiente tranquilo y familiar durante el día, que se transforma con la vida nocturna. Tienes fácil acceso a transporte público, incluyendo estaciones de Metro y Metrobús, así como a importantes vialidades como Avenida Insurgentes y Álvaro Obregón. Encontrarás escuelas de renombre, supermercados, tiendas de conveniencia, farmacias y bancos a pocos pasos. Para el ocio, la Roma Norte ofrece una amplia variedad de restaurantes, bares, cafeterías, galerías de arte y parques como el Jardín Pushkin. También hay hospitales y clínicas cercanos. La zona se percibe como segura y tiene un ambiente joven y dinámico, con una mezcla de residentes, estudiantes y turistas. La Roma Norte es atractiva por su ubicación céntrica, su oferta cultural y su ambiente relajado. ¡No pierdas la oportunidad de conocer tu nuevo hogar! Precio: 21 mil pesos mensuales (Incluye Mantenimiento) Requisitos: 1 mes de renta como depósito, pago de fianza jurídica anual con valor de 7, 308, 1 mes de renta por adelantado, aval u Obligado Solidario. Documentación: ine, Carta Laboral y comprobantes de ingresos (recibos de nómina o estados de cuenta bancarios de los 3 últimos meses). Agenda una cita via WhastApp con Elizabeth Arvizu al: 55 Ver datos",https://www.inmuebles24.com/propiedades/clasificado/alclapin-departamento-nuevo-en-renta-en-roma-norte-cdmx-147332057.html,"MN 21,000","Calle Querétaro 30
Roma Norte, Cuauhtémoc","43 m² lote, 1 rec., 1 baño, 1 estac."
"Departamento en renta dentro del condominio Parques Polanco con vigilancia 24 horas, excelentes vías de acceso y una cómoda conexión a la plaza comercial donde hay supermercado y locales comerciales. Ubicado en el 7mo. Piso tiene: Sala-comedor con acceso a un balcón con vista panorámica a la Ciudad, cocina integral con barra, estufa, horno y campana, área de lavado con lavadero y conexión para lavadora y secadora, 2 recámaras con closets y persianas, 2 baños completos con canceles colocados. Excelente estado de conservación, iluminado y recién pintado. 2 cajones de estacionamiento techados y una bodega independiente. Amenidades: ludoteca, jardín de mascotas y áreas verdes en general. El precio de renta ya incluye mantenimiento. De preferencia sin mascotas o una muy pequeña.",https://www.inmuebles24.com/propiedades/clasificado/alclapin-departamento-en-renta-parques-polanco-granda-cdmx-147330258.html,"MN 35,000","Lago Alberto
Granada, Miguel Hidalgo","105 m² lote, 2 rec., 2 baños, 2 estac."
**Trato directo - No corredores** Moderno Departamento en Edificio de reciente construcción. Mide 200 metros. Dos recamaras. Sala comedor. Cocina. Electrodomésticos. Estacionamiento para 3 coches. Balcón. Cuarto de lavado,https://www.inmuebles24.com/propiedades/clasificado/alclapin-departamento-calle-platon-col.-polanco-cdmx-146630173.html,"MN 75,500","Platon
Polanco II Sección, Polanco","200 m² lote, 2 rec., 2 baños, 2 estac."
"Departamento en renta, Be Grand Reforma, cdmx. 40, 000 incluye mantenimiento. 90m2. Piso 33. Sala - comedor. Cocina equipada. 2 Recámaras. 2 baños completos. Terraza. 2 estacionamientos. Persianas translúcidas y blackout. * sin amueblar. Be Grand Reforma te ofrece lo mejor en seguridad como sistema de control de acceso peatonal y vehicular, sistema de circuito cerrado de televisión en lobby, elevadores, seguridad en cada uno de los accesos los 365 días del año las 24 horas del día. Las amenidades ubicadas en el piso 20 constan de: barbería, salón de belleza, coworking center, salón de eventos, gimnasio, gimnasio al aire libre, jacuzzi, kids club, alberca, sky lounge, spa, spinning broom, coffee shop, sports bar y en la planta baja el pet spa.",https://www.inmuebles24.com/propiedades/clasificado/alclapin-departamento-en-renta-be-grand-reforma-cdmx.-147227357.html,"MN 40,000","Lafragua #13
Tabacalera, Cuauhtémoc","90 m² lote, 2 rec., 2 baños, 2 estac."
"Localizado en uno de los entornos más seguros y hermosos de la Ciudad de México, Un lugar exclusivo con vigilancia las 24 horas. “Horizontes Moliere” goza de una excepcional tranquilidad que brinda una gran experiencia para vivir, con excelentes vías de acceso, dentro de un espacio que no se aleja de parques, zonas de entretenimiento y de negocios; a tan solo unas cuadras de Miyana, Plaza Antara, Palacio de Hierro, Museo Soumaya, etc. El departamento cuenta con estancia y comedor, cocina integral abierta, área de lavado, recámara principal con vestidor y baño, segunda recámara con closet, baño completo. Dos lugares de estacionamiento totalmente independientes. Cocina y baños recién remodelados con acabados de la más alta calidad. El desarrollo cuenta con ludoteca, dos salones de fiestas con terraza y jardín, roof garden con dos albercas, área de asoleadero con camastros y sillas, baños y gimnasio. Atención inmediata al 55 Ver datos.",https://www.inmuebles24.com/propiedades/clasificado/alclapin-departamento-amueblado-en-horizontes-moliere-polanco-145960123.html,"MN 43,000","Prolongación Moliere
Ampliación Granada, Miguel Hidalgo","85 m² lote, 2 rec., 2 baños, 2 estac."
