Título,Enlace,Precio,Dirección,Características,Municipio de Origen
"Departamento en renta de 51m2 que se distribuyen en 2 habitaciones, 1 baño, estancia sala comedor, cocina integral y área de lavado le corresponde un lugar de estacionamiento. No se aceptan mascotas. La unidad cuenta con seguridad 24 horas.",https://www.inmuebles24.com/propiedades/clasificado/alclapin-departamento-renta-147673928.html,"MN 6,000","SANTA CRUZ
Las Arboledas, Tláhuac","51 m² lote, 2 rec., 1 baño, 1 estac.",Tláhuac
"Departamento de 2 recamaras amplias con piso de loseta de ceramica Y puerta. Estacia comedor amplia con piso de loseta de ceramica. cocina con barra Y tarjeta de acero inoxidable, area de lavado con lavadero E instalacion para lavadora. Se ocupa cilindro de gas para el baño Y la estufa. Cuenta con cajon de estacionnamiento, departamento con luz exterior.",https://www.inmuebles24.com/propiedades/clasificado/alclapin-rento-departamento-en-las-arboledas-147722484.html,"MN 7,000","Oyamel mza. 11 lote 26
Las Arboledas, Tláhuac","95 m² lote, 2 rec., 1 baño, 1 estac.",Tláhuac
"Departamento en renta – Tláhuac, Opción cómoda y accesible. Ubicación estratégica: A 5 minutos caminando de Canal de Chalco. A 5 minutos en auto de Bodega Aurrerá Express. A 8 minutos del Hospital General de Tláhuac. Características (Planta baja): Sala–comedor. Cocina. 2 recámaras con clóset. 1 recámara con baño completo y cocineta (ideal para independencia) 1 baño completo adicional. Área de lavado. 2 patios. 1 estacionamiento. Se aceptan mascotas. Ventajas: Planta baja. Espacios bien distribuidos. Ubicación práctica con comercios y servicios cercanos. Agenda tu cita hoy mismo y conócelo.",https://www.inmuebles24.com/propiedades/clasificado/alclapin-departamento-en-renta-en-colonia-del-mar-tlahuac-147700576.html,"MN 12,500","Bagre 122
Del Mar, Tláhuac","110 m² lote, 3 rec., 2 baños, 1 estac.",Tláhuac
"[arr] id houm: Ver datos. Entérate de todos los beneficios al rentar con Houm: • No te pedimos aval. • Asistencia e intermediación con el propietario. • Firma tu contrato online. • Renta sin burocracia, papeleos y mucho más rápido. • Difiere tu depósito en hasta 6 meses sin interés. Departamento en renta, ubicado en la colonia Santa Ana Norte, con una superficie construida de 80. 00 m² y superficie total de 80. 00 m². Sus principales características son: • Sin amueblar. • 1 recámara. • 1 baño. • Admite mascotas. • 1 estacionamiento. • Cocina equipada. • Año de construcción: 2001. • Cuarto de lavado. Si rentas con nosotros, te brindamos asesoría personalizada durante todo el proceso. Importante: • Se deben demostrar ingresos de 3 veces el valor de la renta. • En caso de que tus ingresos no lleguen a 3 veces el valor de la renta, estos pueden ser la suma de las personas que vivirán en la propiedad. • Te invitamos a agendar una visita a esta propiedad: esta puede ser presencial o vía streaming, desde la comodidad de tu hogar. • Y lo mejor. Sin aval. Más que una corredora, somos Houm. *Aplican T&C",https://www.inmuebles24.com/propiedades/clasificado/alclapin-departamento-en-santa-ana-norte-con-1-recamara-id:.-145478922.html,"MN 8,000","Privada Santiago
Santa Ana Norte, Tláhuac","80 m² lote, 1 rec., 1 baño, 1 estac.",Tláhuac
"Departamento de 180 m² con Tres Recamaras, en Segundo Piso. ¡Super Ubicacion! Esquina con Ermita Iztapalapa y Churubusco. Con una cocina muy amplia. Departamento Exterior Segundo piso Solo Cuatro Departamentos Uno por Piso Tiene 180 m2 de Superficie Consta de Sala Comedor Cocina Integral Abierta Balcón Tres Recamaras Dos Baños Completos Recamara Principal con Vestidor Area de Lavado Bodega y Estacionamiento Cubierto Camaras de Vigilancia Calentador Solar Sistema Hidro -Neumatico y Cisterna. Calle Cerrada Esquina Calzada Ermita Iztapalapa A Diez Minutos de Calzada de Tlalpan y Alcaldía Coyoacan. Poliza juridica por cuenta del inquilino. silcar",https://www.inmuebles24.com/propiedades/clasificado/alclapin-precioso-departamento-con-acabados-de-lujo-146418880.html,"MN 30,000","Sinatel
Sinatel, Iztapalapa","180 m² lote, 3 rec., 2 baños, 1 estac.",Tláhuac
¡Sper Ubicacion! Esquina con Ermita Iztapalapa y Churubusco. Con una cocina muy amplia. Departamento Exterior Primer Piso Solo Cuatro Departamentos Uno por Piso Tiene 180 m2 de Superficie Consta de Sala Comedor Cocina Integral Abierta Balcón Tres Recamaras Dos Baños Completos Recamara Principal con Vestidor Area de Lavado Bodega y Estacionamiento Cubierto Camaras de Vigilancia Calentador Solar Sistema Hidro -Neumatico y Cisterna. Calle Cerrada Esquina Calzada Ermita Iztapalapa A Diez Minutos de Calzada de Tlalpan y Alcaldía Coyoacan. Poliza juridica por cuenta del inquilino. silcar,https://www.inmuebles24.com/propiedades/clasificado/alclapin-departamento-de-180-m-sup2--con-tres-recamaras-en-145342337.html,"MN 30,000","Calle Cerrada Esquina Calzada Ermita Iztapalapa
Sinatel, Iztapalapa","180 m² lote, 3 rec., 1 estac.",Tláhuac
"Hermoso departamento en renta o venta, el cual cuenta con dos recamaras, cada una con su closet, sala, comedor, cocina equipada, un baño completo, área de lavado, calefacción solar que ayuda a reducir el consumo de gas, calentador de paso, interpón con pantalla, apertura de las puertas automatizada, el edificio cuenta con cámaras de seguridad, interiores y exteriores, te invito a conocer este hermoso departamento en un lugar único en cd. De México",https://www.inmuebles24.com/propiedades/clasificado/veclapin-en-prados-de-churubusco-en-coyoacan-cd.-de-mexico-se-145894837.html,"MN 15,000","Prados de Churubusco
Prados Iztapalapa, Iztapalapa","60 m² lote, 2 rec., 1 baño",Tláhuac
"Alrp. Bonito departamento, acogedor, muy iluminado, excelentes acabados, 2 baños completos, 2 cajones de estacionamiento que no se estorban con nadie. En extraordinaria ubicación por encontrarse a solo 2 minutos de los ejes viales mas importantes, lo que te permite desplazarte fácilmente. Vigilancia las 24 horas, lobby con bahía de valet, recepcion agradable para visitas. Patios comunes y amplio estacionamiento. Se encuentra en el último piso, una extraordinaria opción. No deje de verlo! Se rentará de inmediato!. Citas al Whatsapp 55 Ver datos. *Precio sujeto a cambio sin previo aviso.",https://www.inmuebles24.com/propiedades/clasificado/alclapin-departamento-en-renta-av-andres-molina-enriquez-147712909.html,"MN 16,500","Av Andrés Molina Enríquez
Ampliación Sinatel, Iztapalapa","70 m² lote, 2 rec., 2 baños, 2 estac.",Tláhuac
"Departamento nuevo ubicado en 1er piso. Calle en desnivel, cerrada con acceso con control remoto. En área abierta sala comedor y cocina solo con tarja (no tiene estufa) y base de concreto. 2 recamaras sin closet. 1 baño completo. Área de lavado en azotea, espacio con techo, instalación para lavadora. Cuenta con calentador solar. 1 estacionamiento. La renta incluye el servicio de luz y agua. Se acepta 1 mascota talla pequeña (No gatos) maximo para 3 personas. Características generales. Pisos de loseta. Muros y techos terminados en aplanado. Ventanas con cancelería de aluminio. Cisterna",https://www.inmuebles24.com/propiedades/clasificado/alclapin-departamento-en-renta-el-cedral-xochimilco-147791473.html,"MN 6,500","Calle San Francisco 7903
El Cedral, Xochimilco","60 m² lote, 2 rec., 1 baño, 1 estac.",Tláhuac
"Alrp. Bonito departamento, acogedor, muy iluminado, excelentes acabados, 2 baños completos, 2 cajones de estacionamiento que no se estorban con nadie. En extraordinaria ubicación por encontrarse a solo 2 minutos de los ejes viales mas importantes, lo que te permite desplazarte fácilmente. Vigilancia las 24 horas, lobby con bahía de valet, recepcion agradable para visitas. Patios comunes y amplio estacionamiento. Se encuentra en el último piso, una extraordinaria opción. No deje de verlo! Se rentará de inmediato!. Citas al Whatsapp 55 Ver datos. *Precio sujeto a cambio sin previo aviso.",https://www.inmuebles24.com/propiedades/clasificado/alclapin-departamento-en-renta-av-andres-molina-enriquez-san-147712845.html,"MN 16,500","Av. Andrés Molina Enríquez
San Andrés Tetepilco, Iztapalapa","70 m² lote, 2 rec., 2 baños, 2 estac.",Tláhuac
"Hermoso departamento 2o nivel muy bien ubicado cerca avenida rio churubusco, Y municipio libre, excelente condominio con seguridad privada, cuenta con 2 recamaras, 2 bañoscompletos, cocina equipada un estacionamiento, elevador, area de negocios. Incluye mantenimiento",https://www.inmuebles24.com/propiedades/clasificado/alclapin-en-renta-andres-molina-enriquez-av-de-las-torres-59239792.html,"MN 15,500","ANDRES MOLINA ENRIQUEZ AV DE LAS TORRES
San Andrés Tetepilco, Iztapalapa","70 m² lote, 2 rec., 2 baños, 1 estac.",Tláhuac
"Excelente departamento tipo lof totalmente nuevo! Con su area de cocina y baño completo y closet dentro del depto. Es ideal para una persona o pareja, el condominio cuenta con 9 departamentos y solamente este esta ya disponible. Esta localizado en una zona donde encuentras transporte público, tiendas comerciales, bancos, parque las antenas, Metro periférico, mercados y más. Agenda tu cita y con gusto te atendere.",https://www.inmuebles24.com/propiedades/clasificado/alclapin-renta-departamento-tipo-lof-en-iztapalapa-147726991.html,"MN 5,200","PANTICOSA EN CERRO ESTRELLA
Iztapalapa, Ciudad de México","28 m² lote, 1 rec., 1 baño",Tláhuac
"Sur 71A # 145, col. Bajidal, C. P. Ver datos, alcaldía iztapalapa. $19, 000. 00 mensuales. rento departamento de 2 recámaras, principal con baño, 1 estudio O cuarto pequeño, 1 baño completo de visitas, cocina equipada con espacio para antecomedor, sala comedor, cuarto de servicio con baño completo, un estacionamiento (que se comparte con otro departamento) para auto pequeño. Requisitos: identificación oficial (ine) , comprobantes de ingresos de los 3 últimos meses, comprobante de domicilio, fiador U obligado solidario, renta corriente más 2 rentas de depósito, mismas que se regresan al finalizar el contrato, siempre Y cuándo este en buenas condiciones. Se llena solicitud de arrendamiento. $1, 500. 00 para verificación de documentos E información (no reembolsables. Contacto: rodrigo de la peña. cel 55Ver datos (solo whats app)",https://www.inmuebles24.com/propiedades/clasificado/alclapin-rento-departamento-col.-banjidal-147558810.html,"MN 19,000","SUR 71A # 145
Banjidal, Iztapalapa","120 m² lote, 2 rec., 2 baños, 1 estac.",Tláhuac
"Departamento A dos cuadras de el metro Iztapalapa, y a cinco minutos del metro Tlalilco, a dos calles de Eje, ocho Ermita Iztapalapa, todos los servicios. Superficie de 60 m² Sala, comedor, amplios. Una habitación. Cocina. Baño completo. Planta baja. Servicios de agua, gas, luz independiente. Más info y citas al 5523-14-4418",https://www.inmuebles24.com/propiedades/clasificado/alclapin-depa-cerca-metro-iztapalapa-en-planta-baja-147717959.html,"MN 8,000","Capilla del Carmen
El Santuario, Iztapalapa","60 m² lote, 1 rec., 1 baño",Tláhuac
"Alrp. Bonito departamento, acogedor, muy iluminado, excelentes acabados, 2 baños completos, 2 cajones de estacionamiento que no se estorban con nadie. En extraordinaria ubicación por encontrarse a solo 2 minutos de los ejes viales mas importantes, lo que te permite desplazarte fácilmente. Vigilancia las 24 horas, lobby con bahía de valet, recepcion agradable para visitas. Patios comunes y amplio estacionamiento. Se encuentra en el último piso, una extraordinaria opción. No deje de verlo! Se rentará de inmediato!. Citas al Whatsapp 55 Ver datos. *Precio sujeto a cambio sin previo aviso.",https://www.inmuebles24.com/propiedades/clasificado/alclapin-departamento-en-renta-av-andres-molina-enriquez-147712776.html,"MN 16,500","Av. Andrés Molina Enríquez
Sinatel, Iztapalapa","70 m² lote, 2 rec., 2 baños, 2 estac.",Tláhuac
"¡Agenda tu cita y estrena tu nuevo hogar hoy mismo! ¿Buscas un departamento cómodo, funcional y bien ubicado en cdmx? Este es el lugar ideal para ti. Ignacio Zaragoza 2980 – Unidad Habitacional La Concordia. Un espacio de 50 m², perfecto para quienes buscan practicidad y tranquilidad, con todo lo que necesitas cerca de ti. 2 recámaras acogedoras. 1 baño completo. Área de cocina. Área de lavado. Mantenimiento incluido. La zona ofrece acceso inmediato a Plaza El Salado, tiendas de conveniencia, farmacias, escuelas y a solo minutos del Metro Santa Marta, con múltiples opciones de transporte público y avenidas principales. Requisitos de renta: 1 mes de renta. 1 mes de depósito. Pago de póliza jurídica. Fiador con inmueble en cdmx o obligado solidario con ingresos comprobables de $18, 000. No se aceptan mascotas. Agenda tu cita hoy mismo y asegura este departamento antes que alguien más lo haga. ¡Llama o mándanos un mensaje ahora! #DepartamentoEnRenta #cdmx #UnidadHabitacionalLaConcordia #RentaSegura #VivirEncdmx #Inmuebles24",https://www.inmuebles24.com/propiedades/clasificado/alclapin-departamento-en-renta-iztapalapa-remodelado-a-lado-del-147431756.html,"MN 6,000","Calzada Ignacio Zaragoza 2980
La Concordia, Iztapalapa","37 m² lote, 2 rec., 1 baño",Tláhuac
"Departamento en muy bien ubicado cuenta con: sala comedor, cocina equipada, 1 baño zotehuela, 1 lugar de estacionamiento, estación del metro calle 11 tlahuac. $400 de Mantenimiento",https://www.inmuebles24.com/propiedades/clasificado/alclapin-departamento-en-renta-en-av-tlahuac-147722608.html,"MN 8,500","Avenida Tlahuac 5724
Cerro de La Estrella, Iztapalapa","60 m² lote, 2 rec., 1 baño, 1 estac.",Tláhuac
"Ref: 2 5 7 7 3 4. Te presentamos este hermoso departamento en renta ubicado en el 3er piso en Paseos de Churubusco, Iztapalapa, Ciudad de México. Con una superficie de 110m2, esta propiedad cuenta con 4 recámaras y 2 baños, lo que la convierte en el lugar ideal para familias que buscan amplitud y comodidad. Además, se encuentra en una zona de uso de suelo residencial, lo que garantiza tranquilidad y seguridad para sus habitantes. En cuanto a las zonas de interés cercanas, Paseos de Churubusco se encuentra a pocos minutos de importantes centros comerciales como Plaza Ermita y Parque Tezontle, donde se pueden encontrar una gran variedad de tiendas, restaurantes y servicios. Asimismo, la zona cuenta con varios parques y áreas verdes ideales para realizar actividades al aire libre, como el Parque Cuitláhuac y el Bosque de Tlalpan, perfectos para disfrutar de la naturaleza en la ciudad. Por último, en cuanto a las vías de acceso, el departamento en renta en Paseos de Churubusco se encuentra cerca de importantes avenidas como Ermita Iztapalapa y Calzada Ignacio Zaragoza, así como de la estación del metro Mexicaltzingo, lo que facilita la movilidad en la zona y permite llegar rápidamente a otros puntos de la Ciudad de México. Además, la zona cuenta con ciclovías y transporte público que conectan fácilmente con diferentes partes de la ciudad. ¡No pierdas la oportunidad de vivir en este acogedor departamento en una zona con todo lo que necesitas a tu alcance! Requisitos. Máximo 5 personas. No mascotas. Comprobar ingresos 3 a 1. Pago protección jurídica",https://www.inmuebles24.com/propiedades/clasificado/alclapin-se-renta-departamento-en-prados-churubusco-147511173.html,"MN 23,000","Río Potosí 65 , Paseos de Churubusco , 09030 Iztapalapa, Ciudad de México, México
Paseos de Churubusco, Iztapalapa","150 m² lote, 4 rec., 2 baños",Tláhuac
"Excelente oportunidad!! Ubicación inmejorable, comodidad y funcionalidad!! Iluminado departamento con distribución funcional, ideal para parejas. Ubicado en un segundo piso, ofrece privacidad y tranquilidad. Cuenta con área de lavado integrada, facilitando las tareas domésticas. La cocina integral está equipada con estufa y campana, lista para usarse. El interior se distribuye en una sala-comedor compacta, perfecta para recibir visitas. Las 2 recámaras cuentan con clósets. Un baño completo con acabados sencillos. Un cajón de estacionamiento. El edificio ofrece seguridad privada las 24 horas, brindando tranquilidad a los residentes. Cuenta con área de eventos para celebraciones y reuniones. Para los más pequeños, hay un área de juegos infantiles. La ubicación es privilegiada, con escuelas cercanas y fácil acceso a transporte público. A solo 50 mts del metro Cerro de la Estrella. A pocos minutos se encuentran supermercados, farmacias y tiendas de conveniencia. La zona es tranquila y segura, ideal para familias. Importante: no se aceptan mascotas!! Requisitos. Fiador con bien raíz en Ciudad de México. Depósito en garantía por 1 mes de renta. Póliza jurídica",https://www.inmuebles24.com/propiedades/clasificado/alclapin-se-renta-departamento-cerca-metro-cerro-de-la-estrella-147683945.html,"MN 9,000","Ermita Iztapalapa 1518
San Miguel, Iztapalapa","49 m² lote, 2 rec., 1 baño, 1 estac.",Tláhuac
"Rento bonito departamento en la Unidad Habitacional Vicente Guerrero, en la calle 1 de Dimas Estrada. Ubicado en cuarto piso, cuenta con tres recámaras con closet, baño, sala-comedor, cocina integral, zotehuela y un lugar de estacionamiento independiente. Recién remodelado. Excelente ubicación a 5 minutos de vialidades principales como el Eje 6 o Anillo Periférico. A 15 minutos del metro Constitución de 1917. 78 metros cuadrados. Renta $8, 700.",https://www.inmuebles24.com/propiedades/clasificado/alclapin-rento-bonito-y-amplio-departamento-en-la-unidad-147494808.html,"MN 8,700","Calle 1 Dimas Estrada
Unidad Vicente Guerrero, Iztapalapa","78 m² lote, 3 rec., 1 baño, 1 estac.",Tláhuac
"Departamento en renta de 75m2 cuenta con 2 recamaras con closet y tv, 1 baño completo, sala comedor y cocina integral, no cuenta con estacionamiento, ubicado en circuito cerrado a 2 calles del mb rio mayo, cerca de plaza oriente y parque tezontle y eje 4",https://www.inmuebles24.com/propiedades/clasificado/alclapin-departamento-renta-147706063.html,"MN 13,000","PLAZA DEL AGUILA
Dr. Alfonso Ortiz Tirado, Iztapalapa","75 m² lote, 2 rec., 1 baño",Tláhuac
"Departamento ideal para 1 o 2 personas. Acogedor espacio que cuenta con: Sala y comedor. Área para tv o estudio. 1 recámara. Área de cocina (no equipada) Ubicado en andador de la colonia Unidad Modelo, justo frente a canchas deportivas, con excelente conectividad hacia Av. Churubusco, Alberca Olímpica y Plaza Mítica. El departamento incluye servicios de agua, luz y gas, lo que lo hace una opción práctica y económica. Requisitos: 1 mes de renta + 1 mes de deposito, poliza juridica ($4200. 00) con obligado solidario ingresos 3a1 de titular y obligado solidario",https://www.inmuebles24.com/propiedades/clasificado/alclapin-acogedor-departamento-1-recamara-147694459.html,"MN 12,500","retorno 104
Unidad Modelo, Iztapalapa","70 m² lote, 1 rec., 1 baño",Tláhuac
"Excelente departamento en 3° nivel distribuido de la siguiente manera: • dos recamaras con closet, sala, comedor, cocina integral equipada, un baño completo, area de lavado integrada, espacio para estudio. • un lugar de estacionamiento techado. amenidades: salon de eventos, ludoteca, area de juegos infantiles, depositos independientes de basura, vigilancia 24 hrs. referencias: av. San lorenzo, av. Del rosal, A 10 minutos de av. Ermita iztapalapa, A 10min. Del metro uam-I, serviplaza, soriana hiper iztapalapa. • el departamento se renta amueblado, (no hay opcion de rentar sin muebles) requisitos: -gastos de investigacion $1, 000-deposito en garantia. -mes de renta. -poliza juridica $3, 000mas inmobiliariasomos una inmobiliaria creada en 1998, con experiencia en renta de inmuebles. Especialistas en la administración de inmuebles en renta, ya sean habitacionales o comerciales. Expertos en corretaje de inmuebles en venta y renta. ahora si se renta. Haz un negocio rentable.",https://www.inmuebles24.com/propiedades/clasificado/alclapin-departamento-en-renta-iztapalapa-147771362.html,"MN 9,000","C. José María de Joaristi 218, San Juan, Iztapalapa, 09830 Ciudad de México, Cdmx
Iztapalapa, Ciudad de México","63 m² lote, 2 rec., 1 baño, 1 estac.",Tláhuac
"Departamento en Renta – Paseos de Churubusco, cdmxexcelente oportunidad de vivir en una zona bien ubicada, a solo unos minutos de Parque Tezontle, Plaza Oriente, Plaza Central y con rápidas vías de acceso como Eje 4 Sur, Eje 4 Oriente y Eje 5 Oriente. Características del inmueble: • 2 recámaras• 1 baño completo• Estancia para sala-comedor• Cocina• Cuarto de lavado y tendido• 1 lugar de estacionamiento• Ubicado en primer pisoEste departamento ofrece comodidad y funcionalidad en una zona con gran conectividad y cercanía a centros comerciales, servicios y transporte. Colonia Paseos de Churubusco, Iztapalapa, cdmx________________________________________Requisitos de arrendamiento• 1 mes de renta por adelantado• 1 mes de depósito en garantía• Póliza jurídica (con costo a cargo del arrendatario) • Fiador con bien inmueble libre de gravamen e inscrito en el Registro Público de la Propiedad• Comprobación de ingresos 3 a 1 respecto a la renta________________________________________Avisos para dar cumplimiento a la nom-247-se-2022: • La información publicada es meramente ilustrativa y puede variar sin previo aviso. • El precio, la disponibilidad y las condiciones de arrendamiento están sujetos a cambios sin responsabilidad para Quintana Bienes Raíces. • No incluye mobiliario, acabados ni accesorios que pudieran aparecer en imágenes o descripciones, salvo que se indique expresamente. • Los gastos adicionales y requisitos legales serán informados de manera previa a la firma del contrato. • Toda operación de arrendamiento está sujeta a la celebración del contrato correspondiente conforme a la legislación aplicable. Quintana Bienes Raices Tel Ver datos wa Ver datos",https://www.inmuebles24.com/propiedades/clasificado/alclapin-departamento-en-renta-en-paseos-de-churubusco-147750375.html,"MN 15,000","Rio Soto La Marina al 100
Paseos de Churubusco, Iztapalapa","80 m² lote, 2 rec., 1 baño, 1 estac.",Tláhuac
"Ref: 2 5 9 2 8 8. Bonito departamento en renta, recién remodelado, dentro de predio con ambiente familiar, en pequeño edificio de 4 departamentos, se encuentra en tercer piso sin elevador ubicado en Escuadrón 201, una zona residencial tranquila y segura en Iztapalapa. Con 110 m2 de construcción, esta propiedad cuenta con 3 recámaras, 1 baño completo, 1 medio baño de visitas, cocina abierta con barra, sala -comedor, área de lavado con bodega ofreciendo espacios amplios y confortables para toda la familia. No tiene estacionamiento, sin embargo, el vehículo se puede quedar en la calle. Además, la ubicación de este departamento ofrece fácil acceso a importantes zonas de interés cercanas. Enfrente se encuentra un parque y a unos pasos está un mercado local, además de escuelas, restaurantes, cafeterías y farmacias. Y también se encuentran el centro comercial Plaza Ermita Iztapalapa, ideal para realizar compras, disfrutar de una variedad de restaurantes y pasar un tiempo de ocio, el Parque Cuitláhuac, perfecto para actividades al aire libre y disfrutar de la naturaleza. Por último, la Escuela Primaria Josefina Muñoz, a pocos minutos de distancia, brinda una excelente opción educativa para los más pequeños. En cuanto a las vías de acceso, este departamento en Escuadrón 201 cuenta con la cercanía de la Avenida Ermita Iztapalapa, facilitando la movilidad hacia diferentes puntos de la Ciudad de México. Asimismo, la estación del metro Constitución de 1917 se encuentra a poca distancia, brindando una alternativa rápida de transporte público para los residentes. Con estas ventajas, esta propiedad se convierte en una excelente opción para aquellos que buscan comodidad, seguridad y accesibilidad en su nuevo hogar. Requisitos de contratación: 1 depósito, primera renta Y contratación de póliza jurídica. No se aceptan mascotas",https://www.inmuebles24.com/propiedades/clasificado/alclapin-departamento-en-renta-en-escuadron-201-iztapalapa-147692357.html,"MN 15,000","Héctor Espinoza Galván 505 , Escuadrón 201 , 09060 Iztapalapa, Ciudad de México, México
Escuadrón 201, Iztapalapa","110 m² lote, 3 rec., 1 baño",Tláhuac
"Tu nuevo hogar te espera en Paseos de Churubusco, Iztapalapa. Este departamento semiamueblado de 150 m² ofrece comodidad y ubicación privilegiada: Características principales: -2 recámaras grandes con baño completo (la principal con vestidor amplio y clóset para blancos) -Sala comedor con medio baño para visitas. -Cocina integral equipada + cuarto de despensa y área de lavado. -2 lugares de estacionamiento. ¡Ubicación estratégica! A 3 calles de Parque Tezontle y Plaza Oriente, a solo 3 minutos de la Central de Abasto, cerca de colegios, hospitales y vialidades como Eje 4, Rojo Gómez y Tlalpan. Excelente conexión al Metrobús Río Mayo. Seguridad y tranquilidad para tu familia, en una zona residencial con plusvalía. Renta: $19, 500 mxn. Se solicita renta de depósito, renta adelantada y póliza jurídica.",https://www.inmuebles24.com/propiedades/clasificado/alclapin-renta-departamento-amplio-de-150-m-sup2--2-147636268.html,"MN 19,500","Río Pichucalco 4
Paseos de Churubusco, Iztapalapa","150 m² lote, 2 rec., 2 baños, 2 estac.",Tláhuac
"Departamento de 2 recamaras en tercer nivel (Torre Constitución) *Incluye Internet y agua (solo paga su consumo de luz y gas) *2 Recámaras: 1 Recámara Master con enorme closet y ventana panorámica con piso cerámico y 1 Recámara Junior. * Baño Completo en Azulejo con cabina de cristal templado, espejo anti-empañante con iluminación led, lujosa cabina de baño con cristal templado, toalleros, lavabo con mueblé en madera y boiler de paso. * Sala-Comedor con ventilador de techo con hermosos pisos cerámicos tipo mármol y ventanal a balcón externo. *Cocina Integral con alacenas y tarja de acero inoxidable, estufa con horno y campana/extractor. Ya cuenta con cilindro de gas instalado y funcioanando. *Barra desayunador con 3 hermosos bancos tipo periquera auto ajustables y finas lámparas colgantes. *Refrigerador tipo Servi-bar (Incluido) * Terraza con hermosa vista. *Pantalla de 45 pulgadas lf con dispositivo Smarttv (incluida) *Ventanales panorámicos en aluminio que brinda iluminación natural todo el día. *Iluminación led en todo el departamento. * Ubicación: constitución 84E Col. Santa María Aztahuacán, Iztapalapa México D. F. Cp Ver datos (A unas cuadras de la Vocacional No. 7) Iztapalapa, En Google Maps: . gl/9Hjvxj5nrdg9js2F8? g_stcom. google. maps. preview. copy. Los departamentos cuentan con: * Centro de Lavado en azotea. *cctv: Circuito Cerrado de Televisión. *Cisterna con sistema de llenado automático. Área de lavadero y área de tendido en azotea. *Gas y Medidor de Luz independiente. requisitos: * Un depósito y una renta por adelantado. * Identificación Oficial. * Llenar un formato de referencias personales. * Comprobante de Ingresos o en su defecto Aval/Obligado Solidario. *Se anexa información con fotos y video. citlalli-D3 Amueblado. Hermoso Departamento 2 Recamaras Amueblado (70m2) Hermoso Departamento Amueblado de 2 Recámaras muy amplio e Iluminado. Departamento ubicado en el primer nivel. Cuenta con: *Cocina con parrilla de acero inoxidable empotrada. *Tarja de acero inoxidabñle. *Refrigerador nuevo. *Barra desayunador de madera. *Comedor de 8 sillas. *Sala de 2 piezas. * Pantalla Sony de 45 pulgadas con tv abierta y Dispositivo Smart tv (Netflix, Disney, Amazon Prime, etc) . *Centro de lavado y secado eléctrico y gas (secadora) en Cuarto de Lavado con los servicios de agua, gas, desagüé y ventilación. *Gas lp instalado y funcionado (cocina, centro de lavado. Boiler) *Baño Completo (Completamente en Azulejos con bellos terminados y Boiler de paso automático) . Servicios: *Interfon con comunicación a la calle y puerta de apertura eléctrica. * cctv Circuito Cerrado de Televisión en todas las áreas comunes para mayor Seguridad. *Luz Led en todo el departamento para economizar energía. *Cisterna con sistema de llenado automático. *Cuenta adicionalmente con lavaderos y área de tendido en azotea. Habitaciones: *2 Recámaras: 1 master con ventana panorámica (al exterior) y Piso Laminado. Otra Junior pequeña. *Sala con terminados en loseta cerámica. *Ventanales de Aluminio y puertas en madera. *Cortineros en todas sus ventanas. requisitos: *1 Renta y 1 Depósito por adelantado. * Identificación Oficial. * Comprobante de Ingresos. * Llenar formato de referencias personales. Ubicación: Calle Ricardo Flores Magón Mz. 27 Ltl 50 Col. Citlalli. Iztapalapa df, casi esquina con Calle Aguila Real, cp 09660. A 5 minutos de la Vocacional No. 7 del Politécnico y a 30 minutos del Metro Constitución de 1917. Puede mandar whatsapp al Ver datos. Ubicación en Google Maps: CdTiunvdr2. La Torre de Departamentos cuenta con: * cctv Circuito Cerrado de Televisión en todas las áreas comunes para mayor Seguridad. * Interfon con comunicación a Lacalle y puerta de apertura eléctrica. *Cisterna de 15, 000 litors con sistema de llenado automático. * Servicios adicionales de lavaderos y áreas de tendido en Azotea. * Ubicado en una calle privada (cerrada)",https://www.inmuebles24.com/propiedades/clasificado/alclapin-hermoso-departamento-nuevo-de-2-recamaras-147309004.html,"MN 8,800","Constitución 84 E
Santa Maria Aztahuacan, Iztapalapa","200 m² lote, 2 rec., 1 baño",Tláhuac
"Amplio Y funcional departamento, en tercer piso (sin elevador) ubicado en una zona de excelente conectividad, cerca de vialidades principales, colegio aleman, museo dolores olmedo, en un condominio con seguridad, ambiente tranquilo Y lindas area verdes. El departamento cuenta, con 2 recamaras, con closet, la principal con baño, otro baño completo, un estudio, sala comedor, cocina integral, con area de lavado, 2 estacionamientos, uno atraz de otro, cubiertos Y una bodega. Mantenimiento $1100 incluido en la renta. es para maximo 4 personas. se puede ocupar A partir del 15 de octubre, ya que está en remodelacion. requisitos: comprobantes de ingresos. constancia de buro de credito positiva. indispensable fiador con bien inmueble. el condominio no acepta mascotas",https://www.inmuebles24.com/propiedades/clasificado/alclapin-departamento-en-renta-en-la-noria-xochimilco-147483406.html,"MN 14,500","CAMINO A XOCHIMILCO 35
La Noria, Xochimilco","81 m² lote, 2 rec., 2 baños, 2 estac.",Tláhuac
"Se rentan un par de Departamentos en la colonia Constitución de 1917. Cuentan con 3 recámaras, 1 baño, sala comedor, zotehuela, cocina con estufa y área de lavado. Un departamento es interior. La renta ya incluye mantenimiento. ¡Agenda tu visita! ¡Pregunta por los requisitos! Wig: pcvfpwM",https://www.inmuebles24.com/propiedades/clasificado/alclapin-comodo-departamento-en-renta-147514034.html,"MN 11,500","Anillo Periférico 9002
Constitución de 1917, Iztapalapa","60 m² lote, 3 rec., 1 baño",Tláhuac
"Excelente departamento de 2 recamaras, cada una con su propio baño, estancia sala comedor, cocina y área de lavado. Edificio con solo 4 departamentos, a 10 minutos del metro Constitución de 1917 y avenida Ermita Iztapalapa, centros comerciales y supermercados. Circuito cerrado. No tiene estacionamiento",https://www.inmuebles24.com/propiedades/clasificado/alclapin-renta-departamento-en-iztapalapa-143710208.html,"MN 8,000","Plan de la Noria No.
Carlos Hank Gonzalez, Iztapalapa","100 m² lote, 2 rec., 2 baños",Tláhuac
