Título,Enlace,Precio,Dirección,Características,Colonia de Origen
"Vive con comodidad en este departamento amueblado en la Colonia Niños Héroes de Chapultepec, a dos cuadras del Parque y el Mercado La Postal, cercano a la estación de metro Villa de Cortés y metrobús Álamos, una zona céntrica y de gran conectividad en la cdmx. Ubicado en el 4 piso, este espacio está diseñado para brindarte practicidad y confort: dos (2) recámaras, un (1) baño completo, sala y comedor equipados, cocina integral, un (1) cajón de estacionamiento. Se aceptan mascotas. El departamento se encuentra en excelente estado y gracias a que está amueblado, solo necesitas llegar con tus maletas para comenzar a disfrutarlo. Su ubicación te conecta fácilmente con vías principales, transporte público, supermercados, restaurantes y todos los servicios que necesitas para tu día a día. Ideal para profesionistas, parejas o pequeñas familias que buscan un espacio funcional y bien ubicado en la ciudad. Requisitos: - Un mes de depósito en garantía. - Un mes de renta. - Póliza Jurídica. Precio sujeto a cambios sin previo aviso. ¡Somos Rent-A-House! #26-484avc",https://www.inmuebles24.com/propiedades/clasificado/alclapin-rento-departamento-amueblado-en-ninos-heroes-de-147401907.html,"MN 16,500","Guipúzcoa
Niños Héroes, Benito Juárez","65 m² lote, 2 rec., 1 baño, 1 estac.",Niños Héroes
"Vive con comodidad en este departamento amueblado en la Colonia Niños Héroes de Chapultepec, una zona céntrica y de gran conectividad en la cdmx. Ubicado en el 4 piso, este espacio está diseñado para brindarte practicidad y confort: 2 recámaras 1 baño completo Sala y comedor equipados Cocina integral 1 cajón de estacionamiento Se aceptan mascotas. El departamento se encuentra en excelente estado y gracias a que está amueblado, solo necesitas llegar con tus maletas para comenzar a disfrutarlo. Su ubicación te conecta fácilmente con vías principales, transporte público, supermercados, restaurantes y todos los servicios que necesitas para tu día a día. ( Ideal para profesionistas, parejas o pequeñas familias que buscan un espacio funcional y bien ubicado en la ciudad.",https://www.inmuebles24.com/propiedades/clasificado/alclapin-departamento-en-renta-en-col-ninos-heroes-de-147364092.html,"MN 16,500","Guipúzcoa
Niños Héroes, Benito Juárez","65 m² lote, 2 rec., 1 baño, 1 estac.",Niños Héroes
"Espléndidas departamento amueblado con un ambiente armonioso y con una gran ubicación. Cercano a vialidades principales: Eje Central, Calzada de Tlalpan, Dr Vertiz y Av Universidad. Con una gran variedad de servicios a la redonda: tiendas de autoservicio, Walmart, cafeterías, restaurantes, entre otros. Ubicado en el primer nivel, el departamento tiene vista exterior y consta de: - 3 Recámaras con closet (la principal con baño completo) - 2 Baños completos. - Área de estancia-comedor. - Cocina integral. - Cuarto de lavado. - 1 lugar de estacionamiento (con opción a un segundo lugar) Servicios No Incluidos. El condominio cuenta con vigilancia 24 hrs, acceso restringido y circuito de cámaras. ¡ Ven a conocerlo y déjate conquistar por este gran espacio!",https://www.inmuebles24.com/propiedades/clasificado/alclapin-iluminado-departamento-amueblado-cercano-a-av-143744770.html,"MN 26,500","Castilla 117
Niños Héroes, Benito Juárez","91 m² lote, 3 rec., 2 baños, 1 estac.",Niños Héroes
"¡¡Hermoso departamento en renta amueblado!! Renta de: $20, 000. 00 de 70m2. Consta de: - 2 Recamaras con Closet. - Cocina Integral y Equipada. - Sala Equipada. - Comedor Equipado. - 2 Baños Completos. - 1 Cajón de Estacionamiento. - 2do Piso. Requisitos: - Póliza Jurídica $7, 000. 00 (paga inquilino) - Obligado Solidario. - 1 Deposito y 1 Renta. Ref: Cumbres de Maltrata, Eje Central Lázaro Cárdenas, Simón Bolívar, Calz. De Tlalpan.",https://www.inmuebles24.com/propiedades/clasificado/alclapin-departamento-en-renta-amueblado-col.-ninos-heroes-147447266.html,"MN 20,000","Av. Niños Heroes de Chapultepec
Niños Héroes, Benito Juárez","70 m² lote, 2 rec., 1 baño, 1 estac.",Niños Héroes
"[arr] id houm: Ver datos. Entérate de todos los beneficios al rentar con Houm: • No te pedimos aval. • Asistencia e intermediación con el propietario. • Firma tu contrato online. • Renta sin burocracia, papeleos y mucho más rápido. • Difiere tu depósito en hasta 6 meses sin interés. Departamento en renta, ubicado en la colonia Niños Héroes, con una superficie construida de 74. 00 m² y superficie total de 74. 00 m². Sus principales características son: • Sin amueblar. • 2 recámaras. • 1 baño. • Admite mascotas. • Cocina equipada. • Piso 3. • Año de construcción: 1995. • Cuarto de lavado. Además, el inmueble cuenta con las siguientes amenidades: • Elevador. Si rentas con nosotros, te brindamos asesoría personalizada durante todo el proceso. Importante: • Se deben demostrar ingresos de 3 veces el valor de la renta. • En caso de que tus ingresos no lleguen a 3 veces el valor de la renta, estos pueden ser la suma de las personas que vivirán en la propiedad. • Te invitamos a agendar una visita a esta propiedad: esta puede ser presencial o vía streaming, desde la comodidad de tu hogar. • Y lo mejor. Sin aval. Más que una corredora, somos Houm. *Aplican T&C",https://www.inmuebles24.com/propiedades/clasificado/alclapin-departamento-en-ninos-heroes-con-2-recamaras-id:.-147353209.html,"MN 15,000","Romero
Niños Héroes, Benito Juárez","74 m² lote, 2 rec., 1 baño",Niños Héroes
"Cómodo departamento ideal para una persona o pareja, ubicado en la colonia Niños Héroes de Chapultepec, muy cerca de avenidas principales y servicios. - 1 recámara amplia. - 1 baño completo. - Sala-comedor. - Cocina funcional. - Área de lavado integrada. - Aproximadamente 50 m² Renta mensual: 8, 500. Ubicado en una zona céntrica y tranquila de la alcaldía Benito Juárez, con excelente conectividad y acceso a transporte público.",https://www.inmuebles24.com/propiedades/clasificado/alclapin-departamento-1-recamara-en-renta-ninos-heroes-50-147389538.html,"MN 8,500","Agustín Melgar 1
Niños Héroes, Benito Juárez","50 m² lote, 1 rec., 1 baño",Niños Héroes
"Ubicado a unos pasos de Eje Central y a unas cuadras de Calzada de Tlalpan. Zona tranquila, caminable. 81 m2. Exterior. Con Balcón. Se renta con O sin muebles. Consta de sala, comedor, cocina integral, dos recámaras, la principal con baño completo y closet;la segunda recámara con closet. Dos baños completos. Zona de lavado con centro de lavado incluído. Un lugar de estacionamiento techado e independiente. Tiene elevador. Sí acepta mascotas pequeñas, mantenimiento incluido. Requisitos: - Un mes de renta. - Un mes de depósito. - Póliza jurídica (la paga el inquilino en su totalidad) (4)",https://www.inmuebles24.com/propiedades/clasificado/alclapin-renta-departamento-en-narvarte-oriente-benito-juarez-146941980.html,"MN 22,900","Cumbres de Maltrata
Narvarte Oriente, Benito Juárez","81 m² lote, 2 rec., 2 baños, 1 estac.",Niños Héroes
"Se renta divino depto para estrenar en la Col. Narvarte. 2 rec, 2 baños, 1 estacionamiento. totalmente amueblado y equipado. vigilancia. Con Roof Top y pequeño gimnasio. No se aceptan mascotas",https://www.inmuebles24.com/propiedades/clasificado/alclapin-departamento-en-renta-en-col.-narvarte-145525411.html,"MN 27,000","Dirección no informada
Narvarte Oriente, Benito Juárez","8 m² lote, 2 rec., 2 baños, 1 estac.",Niños Héroes
"Disfruta De Este Hermoso Departamento Totalmente Remodelado Para Estrenar, Ubicado En Una De Las Mejores Zonas De La Narvarte. Cuenta Con Una Recámara Amplia Con Closets Altos, Cocina Con Barra De Granito, Estufa Y Campana Nuevas. El Baño Moderno Y Luminoso Con Canceleria de Vidrio, La Estancia-Comedor Destaca Por Su Iluminación Natural Y Área Para Socializar. Además, Tiene Un Patio Privado Muy Amplio Perfecto Para Relajarte, Con Salidas Para Lavadora Secadora. El Edificio Es De Época, Muy Tranquilo Y Privado, Ideal Para Familias Jóvenes Que Buscan Un Entorno Silencioso Y Sin Molestias. Los Vecinos Son Respetuosos Y Discretos. Cuenta Con Jaulas De Tendido Y Área De Lavado A Mano. Está En Planta Baja Y No Tiene Estacionamiento, Se Encuentra Cerca De Varias Pensiones. Además, El Departamento Ya Incluye Cortineros En Todas Las Estancias Y El Mantenimiento Está Incluido. ¡Listo Para Que Te Mudes Y Lo Hagas Tu Hogar! Edificio Y entorno. *Arquitectura de época, con carácter y privacidad. *Ambiente silencioso y seguro: vecinos respetuosos y discretos. *Planta baja, sin estacionamiento, rodeado de pensiones y opciones de transportes. *Jaulas de tendedero y área de lavado manual incluidas. *Mantenimiento mensual incluido y cortineros en todas las estancias: ¡listo para mudarte sin preocupaciones! Ubicación inmejorable. Vive a pie de todo lo que necesitas: ‍* 2 min (210 m) al Walmart Express. ‍* 3 min (320 m) al Metro y Metrobús Etiopía. ‍* 3 min (350 m) al Metrobús Dr. Vértiz. ‍* 4 min (370 m) a los principales bancos y mercados. * 4 min (1 km) al Parque Delta. ️ Condiciones: No se aceptan perros. Se requiere fiador con propiedad libre de gravamen en cdmx. ¡No dejes pasar esta oportunidad de vivir en el corazón de Narvarte con estilo y comodidad! Contáctanos hoy mismo para conocerlo.",https://www.inmuebles24.com/propiedades/clasificado/alclappa-amplio-e-iluminado-techos-altos-estilo-clasico-planta-147220288.html,"MN 15,000","Cumbres de Maltrata 304
Narvarte Oriente, Benito Juárez","65 m² lote, 1 rec., 1 baño",Niños Héroes
"Hermoso depto. Amueblado y equipado. El Precio incluye mantenimiento e internet!!. Todo el departamento tiene magnifica iluminación, ventilación y linda vista arbolada. En cada recamara hay una cama matrimonial con sus 2 buros y amplio closet, son 2 baños completos con cancel de cristal templado en la regadera, la estancia tiene un sillón, mesa de comedor para 4 personas, tv, área de lavado, refrigerador y una muy funcional cocina abierta con estufa, horno, horno microondas y cubierta de granito. El edificio cuenta con vigilancia privada, Roof garden general y estacionamiento para bicicletas. Toda la planta baja del edificio es de locales comerciales con excelentes opciones gastronómicas para los condóminos. Frente al edificio esta El hermoso ""Parque Las Américas"". Excelentes vías de comunicación, Av. Obrero Mundial, Viaducto Miguel Alemán a 4 cuadras, Dr. José María Vertíz, varias estaciones de la linea naranja del metro a pocas cuadras. Centro Comercial Parque Delta a 5 minutos.",https://www.inmuebles24.com/propiedades/clasificado/alclapin-departamento-amueblado-en-renta-col.-narvarte-91266284.html,"MN 21,000","Diagonal San Antonio 1810
Narvarte Oriente, Benito Juárez","70 m² lote, 2 rec., 2 baños",Niños Héroes
"Departamento super ubicado a estrenar a media cuadra del Eje Central y Cumbres de Maltrata. Totalmente iluminado, cocina integral equipada con Refrigerador, Horno de Microondas y Lavasecadora. Recamaras y sala comedor con cortinas Blackout. 2 recamaras con closets 1 baño completo cocina integral amplia sala comedor, jaula de tendido y 1 Estacionamiento. La zona tiene todo Mercado-Supermercado-Bancos-Escuelas-Iglesia, a media cuadra de la estacion del trolebus y a unas cuadras del metro. No se aceptan mascotas. 1 mes de deposito. Fiador con bien raiz en la Ciudad de México. Para informes y citas comunicarse al 55 Ver datos",https://www.inmuebles24.com/propiedades/clasificado/alclapin-depto-narvarte-a-estrenar-90955613.html,"MN 13,700","Av. Niños Heroes de Chapultepec 175
Narvarte Oriente, Benito Juárez","55 m² lote, 2 rec., 1 baño, 1 estac.",Niños Héroes
"Departamento o pequeña casita en dos niveles, no se aceptan mascotas y no cuenta con estacionamiento. Son 130 m2, En planta baja tenemos amplia sala con chimenea y comedor, medio baño de visitas, cocina cerrada, patio trasero con un amplio pasillo, cuarto de servicio con baño y un área de tendido. Cuenta con un amplio pasillo para entrada independiente al cuarto de servicio y patio interior de tendido. En el primer piso son dos amplias recamaras con un baño muy amplio. Muy bien ubicado, cerca de de la glorieta Etiopia, a unas cuadras del metro Etiopía. Llamános y conoce este lindo sitio para vivir tranquilo en espacios generosos.",https://www.inmuebles24.com/propiedades/clasificado/alclapin-departamento-en-renta-146770664.html,"MN 23,500","Diagonal San Antonio
Narvarte Oriente, Benito Juárez","132 m² lote, 1 baño",Niños Héroes
Departamento interior de 65 mts. Planta baja. estancia. cocina integral con área de lavado integrada. 2 recámaras con closet (la principal con baño completo) 1 baño completo adicional. 1 cochera (se estorba con otro coche) jaula de tendido. elevador. vigilancia 24 horas. 40 depas en total. Mantenimiento incluído en el precio publicado de renta. Se acepta pequeña mascota. Preferentemente contactar por whatsapp,https://www.inmuebles24.com/propiedades/clasificado/alclapin-se-renta-departamento-en-narvarte-oriente-143341036.html,"MN 17,300","Concepción Beistegui 1905
Narvarte Oriente, Benito Juárez","65 m² lote, 2 rec., 2 baños, 1 estac.",Niños Héroes
"Renta en Narvarte Hermoso depto de 90m con 2 recámaras, sala-comedor, cocina integral equipada, balcón, elevador y excelente iluminación natural. Ubicado en calle tranquila, cerca de parques, cafés, transporte y comercios. Confort y estilo en una de las zonas más demandadas de cdmx.",https://www.inmuebles24.com/propiedades/clasificado/alclapin-departamento-renta-147209995.html,"MN 30,000","XOLA
Narvarte Oriente, Benito Juárez","90 m² lote, 2 rec., 2 baños, 2 estac.",Niños Héroes
Bonito departamento en renta con balcón. Col. Narvarte exterior con balcón. 3 recámaras. La principal con vestidor y baño privado. 2 baños completos. Sala de tv / family. Sala comedor muy iluminado con balcón exterior. Área de lavado. Bodega. 2 lugares de estacionamiento. Elevador. Roof garden común. Vigilancia 24hrs. Elevador,https://www.inmuebles24.com/propiedades/clasificado/alclapin-departamento-en-renta-narvarte-con-balcon-146970427.html,"MN 28,000","Petén 139
Narvarte Oriente, Benito Juárez","123 m² lote, 3 rec., 2 baños, 2 estac.",Niños Héroes
"Bienvenidos a una de las zonas más seguras de la ciudad, la tradicional colonia Narvarte. Este hermoso departamento cuenta con dos recámaras, dos baños y dos cajones de estacionamiento. Perfecto para disfrutar de momentos en familia. Al entrar, encontrarás una estancia sala-comedor con un ventanal que permite la entrada de luz y ventilación natural, con una terraza que da a la calle, una cómoda cocina integral abierta con barra de granito y mucho espacio para almacenamiento. Además, tiene una recámaras con closet y una recámara principal con vestidor y baño completo. El departamento cuenta con acabados de calidad, como piso cerámico en el área social, duela en recámaras y baños con cancel de vidrio templado. Además, tiene área de lavado con instalación para lavadora y lavadero. Todo esto en un condominio con elevador, vigilancia y cctv, en una excelente ubicación, casi esquina con Eugenia, vías primarias cercanas, centros comerciales, escuelas, hospitales y más. ¡No pierdas la oportunidad de vivir en este hermoso Departamento! Contáctanos para más información y agenda una visita.",https://www.inmuebles24.com/propiedades/clasificado/alclapin-narvarte-oriente-amplio-departamento-2-recamaras-2-146614946.html,"MN 20,000","EJE CENTRAL
Narvarte Oriente, Benito Juárez","164 m² lote, 2 rec., 1 baño, 2 estac.",Niños Héroes
"2 niveles, súper iluminado y ¡listo para estrenar! ¿Buscas un lugar cómodo, moderno y bien ubicado? Este departamento en la colonia Narvarte lo tiene todo: diseño funcional, doble altura, ubicación caminable y un toque de privacidad que se agradece. Ubicación top. Estás en una de las colonias más vivas y queridas de la ciudad: Narvarte. A solo unos pasos encontrarás cafecitos, taquerías legendarias, súper, farmacias, veterinarias, parques y más. Conecta fácil con la ciudad por División del Norte, Cuauhtémoc, Xola, Metro Eugenia o Metrobús. El depa: Está en un edificio totalmente nuevo de solo 12 departamentos, con vigilancia 12 hrs. Tiene 2 pisos: arriba encuentras sala, comedor, un espacio perfecto para estudio o family, la cocina con barra de granito, baño de visitas y área de lavado. Abajo están las 2 recámaras, cada una con su baño privado, para que tengas tu espacio y tu privacidad. Incluye 1 cajón de estacionamiento y una bodega (¡extra storage siempre se agradece!). Bonus: Se acepta una mascota, bajo aprobación de la dueña. Un depa ideal si trabajas desde casa, si te gusta caminar por la zona o si simplemente quieres vivir en un lugar tranquilo pero bien conectado.",https://www.inmuebles24.com/propiedades/clasificado/alclapin-estrena-departamento-en-la-col.-narvarte-exterior-2-147093921.html,"MN 28,000","Tajín 451
Narvarte Oriente, Benito Juárez","115 m² lote, 2 rec., 2 baños, 1 estac.",Niños Héroes
"️ ¡Estrena departamento en Narvarte! Vive con estilo en un departamento completamente nuevo, ubicado en una de las zonas más atractivas y conectadas de la Ciudad de México. Ideal para quienes buscan privacidad, funcionalidad y excelente ubicación. Lo que hace a esta propiedad única: Solo 12 departamentos en el edificio: tranquilidad y exclusividad aseguradas. 3 recámaras, cada una con baño completo privado. Espaciosa sala y comedor, perfectos para disfrutar en familia o con amigos. Cocina abierta con acabados modernos y de alta calidad. 2 lugares de estacionamiento con elevauto. Bodega privada para almacenamiento adicional. Acceso a un roof garden común, ideal para relajarte, disfrutar del aire libre o convivir. Ubicado en el corazón de Colonia Narvarte, a pasos de avenidas principales, restaurantes, supermercados y todo lo que necesitas para una vida cómoda y práctica.",https://www.inmuebles24.com/propiedades/clasificado/alclapin-estrena-departamento-en-renta-en-la-narvarte-146438018.html,"MN 34,000","Tajin
Narvarte Oriente, Benito Juárez","125 m² lote, 3 rec., 2 baños, 2 estac.",Niños Héroes
"[arr] id houm: Ver datos. Entérate de todos los beneficios al rentar con Houm: • No te pedimos aval. • Asistencia e intermediación con el propietario. • Firma tu contrato online. • Renta sin burocracia, papeleos y mucho más rápido. • Difiere tu depósito en hasta 6 meses sin interés. Departamento en renta, ubicado en la colonia Narvarte Oriente, con una superficie construida de 60. 00 m² y superficie total de 63. 00 m². Sus principales características son: • Sin amueblar. • 2 recámaras. • 2 baños. • Admite mascotas. • 1 estacionamiento. • Cocina equipada. • Año de construcción: 2023. Además, el inmueble cuenta con las siguientes amenidades: • Salón de eventos. • Vigilancia 24 hrs. • Zona de juegos. • Gimnasio. Si rentas con nosotros, te brindamos asesoría personalizada durante todo el proceso. Importante: • Se deben demostrar ingresos de 3 veces el valor de la renta. • En caso de que tus ingresos no lleguen a 3 veces el valor de la renta, estos pueden ser la suma de las personas que vivirán en la propiedad. • Te invitamos a agendar una visita a esta propiedad: esta puede ser presencial o vía streaming, desde la comodidad de tu hogar. • Y lo mejor. Sin aval. Más que una corredora, somos Houm. *Aplican T&C",https://www.inmuebles24.com/propiedades/clasificado/alclapin-departamento-en-narvarte-oriente-con-2-recamaras-id:.-147421440.html,"MN 24,000","Eje Central Lázaro Cárdenas
Narvarte Oriente, Benito Juárez","63 m² lote, 2 rec., 2 baños, 1 estac.",Niños Héroes
"Rento excelente departamento muy iluminado, consta de 2 recamaras con closet, 2 baños completos. Balcon en sala comedor, cocina integral, area de lavado con instalacion para lavadora, lavadero Y calentador de gas. Un lugar de estacionamiento fijo Y techado. Porton electrico. Ubicado en 4o. Piso sin elevador. No se admiten mascotas.",https://www.inmuebles24.com/propiedades/clasificado/alclapin-narvarte-rento-excelente-depto.-exterior-balcon.-muy-146675453.html,"MN 18,000","CONCEPCION BEISTEGUI 2024
Narvarte Oriente, Benito Juárez","70 m² lote, 2 rec., 2 baños, 1 estac.",Niños Héroes
"Renta hermoso departamento en colonia narvarte. 30, 000. 00 mn (mantenimiento incluido) 130 mts. 3 recàmaras. estancia ( sala /comedor) balcon. cocina integral. 2 baños completos. area de lavado. 3er piso. exterior. elevador con tarjeta de acceso. 2 lugares de estacionamiento. 2012. portero medio dia. renta hermoso y amplio departamento en Tajin, Narvarte Oriente entre Cumbres de Maltrata y Xola, con lindos acabados y muy iluminado. Cerca del Metro Etiopía, metrobús, restaurantes, cafés y Parque Delta.",https://www.inmuebles24.com/propiedades/clasificado/alclapin-renta-hermoso-departamento-en-narvarte-oriente-147050153.html,"MN 30,000","Tajín 171
Narvarte Oriente, Benito Juárez","130 m² lote, 3 rec., 2 baños, 2 estac.",Niños Héroes
*requisito obligatorio contar con fiador con bien raiz en cdmx O estado de mexico* 65M2C. 1 lugar de estacionamiento. 2 recamaras. 1 baño completo. cocina integral. area de lavado. estancia-comedor. interior. sobre viaducto. departamento casi nuevo. A unos pasos de parque delta. *mantenimiento incluido*,https://www.inmuebles24.com/propiedades/clasificado/alclapin-departamento-en-renta-en-narvarte-147377562.html,"MN 14,900","VIADUCTO-TLALPAN 58
Narvarte Oriente, Benito Juárez","63 m² lote, 2 rec., 1 baño, 1 estac.",Niños Héroes
"Departamento en Renta con 2 Recámaras con closet, un baño completo con ventilación natural, sala comedor, cocina integral, área de lavado integrada, un lugar de estacionamiento. El edificio cuenta con gimnasio, vigilancia las 24 horas y elevador. Con excelentes vías de comunicación, como el eje 5, eje lázaro cárdenas; está en una colonia que ofrece todos los servicios como tienda de conveniencia, lavanderías, tintorerías, lugares para comer, farmacias, bancos y cajeros.",https://www.inmuebles24.com/propiedades/clasificado/alclapin-departamento-en-renta-en-vertiz-147437503.html,"MN 20,250","Vértiz Narvarte
Narvarte Oriente, Benito Juárez","60 m² lote, 2 rec., 1 baño, 1 estac.",Niños Héroes
"Departamento interior de aproximadamente 63 m2 con Sala - Comedor, Cocina integral, 2 Habitaciones con closet, 1 Baño completo, área de lavado dentro del departamento y 1 Cajon de estacionamiento compartido. Con área de gimnasio de uso común.",https://www.inmuebles24.com/propiedades/clasificado/alclapin-departamento-renta-147089377.html,"MN 23,000","DR. JOSE MARIA VERTIZ
Narvarte Oriente, Benito Juárez","64 m² lote, 2 rec., 1 baño, 1 estac.",Niños Héroes
"[arr] id houm: Ver datos. Entérate de todos los beneficios al rentar con Houm: • No te pedimos aval. • Asistencia e intermediación con el propietario. • Firma tu contrato online. • Renta sin burocracia, papeleos y mucho más rápido. • Difiere tu depósito en hasta 6 meses sin interés. Departamento en renta, ubicado en la colonia Narvarte Oriente, con una superficie construida de 55. 00 m² y superficie total de 55. 00 m². Sus principales características son: • Amueblado. • 1 recámara. • 1 baño. • No Admite mascotas. • Cocina equipada. • Piso 3. • Año de construcción: 2019. Además, el inmueble cuenta con las siguientes amenidades: • Elevador. • Gimnasio. • Zona de asadores. Si rentas con nosotros, te brindamos asesoría personalizada durante todo el proceso. Importante: • Se deben demostrar ingresos de 3 veces el valor de la renta. • En caso de que tus ingresos no lleguen a 3 veces el valor de la renta, estos pueden ser la suma de las personas que vivirán en la propiedad. • Te invitamos a agendar una visita a esta propiedad: esta puede ser presencial o vía streaming, desde la comodidad de tu hogar. • Y lo mejor. Sin aval. Más que una corredora, somos Houm. *Aplican T&C",https://www.inmuebles24.com/propiedades/clasificado/alclapin-departamento-en-narvarte-oriente-con-1-recamara-id:.-145079631.html,"MN 17,490","Calle Doctor José María Vértiz
Narvarte Oriente, Benito Juárez","55 m² lote, 1 rec., 1 baño",Niños Héroes
"Departamento completamente amueblado en excelente estado de conservacion, exterior, muy iluminado y con espacios muy bien aprovechados. Cuenta con 2 amplias recamaras (principal con baño completo y vestidor), segunda recamara con closet, las dos recamaras con ventanales grandes, segundo baño completo que da servicio a la segunda recamara y visitas, amplio espacio de area comedor con salida a terraza con vista panoramica, iluminada y con barandal de cristal, cocina integral con area de lavado integrada, interfon y puerta de servicio a escalera de servicio. El departamento cuenta con dos estacionamientos independientes que funcionan con eleva autos. El departamento se renta completamente amueblado con todo lo necesario para habitarlo. Edificio de solo 14 departamentos, en excelente estado de conservacion, cisterna, 1 elevador, vigilancia-conserje las 24 hrs, circuito cerrado y estacionamiento para visitas. Muy buena ubicación a media Cuadra de Eugenia (eje 5 sur) y Concepción Beistegui, muy cerca de Tlalpan, Dr Vértiz, Av universidad, Cumbres de Maltrata. Mtto Incluido en la renta. No Mascotas. Oportunidad! Carlos Gómez 55 Ver datos, WhatsApp Offna 55 Ver datos",https://www.inmuebles24.com/propiedades/clasificado/alclapin-moderno-departamento-en-6to-piso-completamente-146707327.html,"MN 29,000","Eje Central Lazaro Cardenas 865
Narvarte Oriente, Benito Juárez","105 m² lote, 2 rec., 2 baños, 2 estac.",Niños Héroes
"[arr] id houm: Ver datos. Entérate de todos los beneficios al rentar con Houm: • No te pedimos aval. • Asistencia e intermediación con el propietario. • Firma tu contrato online. • Renta sin burocracia, papeleos y mucho más rápido. • Difiere tu depósito en hasta 6 meses sin interés. Departamento en renta, ubicado en la colonia Narvarte Oriente, con una superficie construida de 45. 00 m² y superficie total de 45. 00 m². Sus principales características son: • Amueblado. • 1 recámara. • 1 baño. • No Admite mascotas. • Cocina equipada. • Piso 5. • Año de construcción: 2019. Además, el inmueble cuenta con las siguientes amenidades: • Elevador. • Gimnasio. • Zona de asadores. Si rentas con nosotros, te brindamos asesoría personalizada durante todo el proceso. Importante: • Se deben demostrar ingresos de 3 veces el valor de la renta. • En caso de que tus ingresos no lleguen a 3 veces el valor de la renta, estos pueden ser la suma de las personas que vivirán en la propiedad. • Te invitamos a agendar una visita a esta propiedad: esta puede ser presencial o vía streaming, desde la comodidad de tu hogar. • Y lo mejor. Sin aval. Más que una corredora, somos Houm. *Aplican T&C",https://www.inmuebles24.com/propiedades/clasificado/alclapin-departamento-en-narvarte-oriente-con-1-recamara-id:.-145079629.html,"MN 18,020","Calle Doctor José María Vértiz
Narvarte Oriente, Benito Juárez","45 m² lote, 1 rec., 1 baño",Niños Héroes
"[arr] id houm: Ver datos. Entérate de todos los beneficios al rentar con Houm: • No te pedimos aval. • Asistencia e intermediación con el propietario. • Firma tu contrato online. • Renta sin burocracia, papeleos y mucho más rápido. Departamento en renta, ubicado en la colonia Narvarte Oriente, con una superficie construida de 45. 00 m² y superficie total de 45. 00 m². Sus principales características son: • Sin amueblar. • 1 recámara. • 1 baño. • No Admite mascotas. • Año de construcción: 2019. Si rentas con nosotros, te brindamos asesoría personalizada durante todo el proceso. Importante: • Se deben demostrar ingresos de 3 veces el valor de la renta. • En caso de que tus ingresos no lleguen a 3 veces el valor de la renta, estos pueden ser la suma de las personas que vivirán en la propiedad. • Te invitamos a agendar una visita a esta propiedad: esta puede ser presencial o vía streaming, desde la comodidad de tu hogar. • Y lo mejor. Sin aval. Más que una corredora, somos Houm. *Aplican T&C",https://www.inmuebles24.com/propiedades/clasificado/alclapin-departamento-en-narvarte-oriente-con-1-recamara-id:.-145429667.html,"MN 20,500","Calle Doctor José María Vértiz
Narvarte Oriente, Benito Juárez","45 m² lote, 1 rec., 1 baño",Niños Héroes
"Departamento en Renta con 2 Recámaras con closet, un baño completo con ventilación natural, sala comedor, cocina integral, área de lavado integrada, un lugar de estacionamiento. El edificio cuenta con gimnasio, vigilancia las 24 horas y elevador. Con excelentes vías de comunicación, como el eje 5, eje lázaro cárdenas; está en una colonia que ofrece todos los servicios como tienda de conveniencia, lavanderías, tintorerías, lugares para comer, farmacias, bancos y cajeros.",https://www.inmuebles24.com/propiedades/clasificado/alclapin-departamento-en-renta-a-estrenar-en-vertiz-colonia-146085375.html,"MN 18,000","Vertíz
Narvarte Oriente, Benito Juárez","60 m² lote, 2 rec., 1 baño, 1 estac.",Niños Héroes
"Ref: 2 5 3 7 6 8. Este hermoso departamento en renta se encuentra ubicado en Narvarte Oriente, una de las zonas más prestigiosas y buscadas de Benito Juárez, en la Ciudad de México. Con una construcción de 75 m2, esta propiedad cuenta con 2 recámaras, 2 baños completos, 1 lugar de estacionamiento, elevador y seguridad privada 24 horas. Además el edifico es pet friendly. Narvarte Oriente destaca por ser una zona tranquila y segura, perfecta para quienes buscan un lugar céntrico pero lejos del bullicio de la ciudad. Además, la cercanía de este departamento a zonas de interés como el Parque Delta, el centro comercial Insurgentes y el Mercado de Medellín, ofrece a sus residentes una amplia variedad de opciones para disfrutar de la gastronomía, el entretenimiento y las compras sin tener que desplazarse lejos de su hogar. Con excelentes vías de acceso como las avenidas Insurgentes Sur, Eje 5 Sur Eugenia y el metro Etiopía, este departamento en Narvarte Oriente brinda a sus residentes una excelente movilidad dentro de la ciudad, conectándolos con los principales puntos de interés de la capital mexicana. No pierdas la oportunidad de vivir en este acogedor espacio y disfrutar de todo lo que la zona tiene para ofrecer. ¡Contáctanos para agendar una visita!",https://www.inmuebles24.com/propiedades/clasificado/alclapin-departamento-en-renta-en-dr.-vertiz-narvarte-oriente-147027393.html,"MN 21,000","Dr. Vertiz 756
Narvarte Oriente, Benito Juárez","75 m² lote, 2 rec., 2 baños, 1 estac.",Niños Héroes
